{"options":{"check_for_updates":true,"comment":null,"compat_foreach":false,"compat_metadata":false,"compat_powerful_this":null,"compat_wrappedjsobject":false,"compatopts_for_requires":true,"noframes":null,"override":{"merge_connects":true,"merge_excludes":true,"merge_includes":true,"merge_matches":true,"orig_connects":[],"orig_excludes":[],"orig_includes":["*"],"orig_matches":[],"orig_noframes":true,"orig_run_at":"document-idle","use_blockers":[],"use_connects":[],"use_excludes":[],"use_includes":[],"use_matches":[]},"run_at":null,"sandbox":null,"tab_types":null,"unwrap":null},"settings":{"enabled":true,"position":4},"meta":{"name":"all-search 全搜，搜索引擎快捷跳转，支持任意网站展示","uuid":"212d2ec0-9233-453b-806d-547461b587b1","modified":1671364671969,"file_url":"https://greasyfork.org/scripts/397993-all-search-%E5%85%A8%E6%90%9Cv1-2-15-%E4%B8%80%E4%B8%AA%E6%90%9C%E7%B4%A2%E5%BC%95%E6%93%8E%E5%BF%AB%E6%8D%B7%E8%B7%B3%E8%BD%AC%E8%8F%9C%E5%8D%95-%E6%94%AF%E6%8C%81%E5%9B%BE%E5%BD%A2%E7%95%8C%E9%9D%A2%E8%87%AA%E5%AE%9A%E4%B9%89/code/all-search%20%E5%85%A8%E6%90%9Cv1215%EF%BC%8C%E4%B8%80%E4%B8%AA%E6%90%9C%E7%B4%A2%E5%BC%95%E6%93%8E%E5%BF%AB%E6%8D%B7%E8%B7%B3%E8%BD%AC%E8%8F%9C%E5%8D%95,%20%E6%94%AF%E6%8C%81%E5%9B%BE%E5%BD%A2%E7%95%8C%E9%9D%A2%E8%87%AA%E5%AE%9A%E4%B9%89.user.js"}}