{"options":{"check_for_updates":true,"comment":null,"compat_foreach":false,"compat_metadata":false,"compat_powerful_this":null,"compat_wrappedjsobject":false,"compatopts_for_requires":true,"noframes":null,"override":{"merge_connects":true,"merge_excludes":true,"merge_includes":true,"merge_matches":true,"orig_connects":["www.baidu.com","*"],"orig_excludes":[],"orig_includes":["*://www.google*"],"orig_matches":["*://www.baidu.com/*","*://tieba.baidu.com/*","*://v.baidu.com/*","*://xueshu.baidu.com/*","*://www.google.com/*","*://docs.google.com/*","*://mail.google.com/*","*://play.google.com/*","*://youtube.com/watch?v=*","*://youtube.com/channel/*","*://encrypted.google.com/*","*://www.so.com/*","*://www.zhihu.com/*","*://daily.zhihu.com/*","*://zhuanlan.zhihu.com/*","*://weibo.com/*","*://twitter.com/*","*://www.sogou.com/*","*://juejin.im/*","*://juejin.cn/*","*://mail.qq.com/*","*://addons.mozilla.org/*","*://www.jianshu.com/*","*://www.douban.com/*","*://getpocket.com/*","*://www.dogedoge.com/*","*://51.ruyo.net/*","*://steamcommunity.com/*","*://mijisou.com/*","*://blog.csdn.net/*","*://*.oschina.net/*","*://app.yinxiang.com/*","*://www.logonews.cn/*","*://afdian.net/*","*://blog.51cto.com/*"],"orig_noframes":null,"orig_run_at":"document-start","use_blockers":[],"use_connects":[],"use_excludes":[],"use_includes":[],"use_matches":[]},"run_at":null,"sandbox":null,"tab_types":null,"unwrap":null},"settings":{"enabled":false,"position":10},"meta":{"name":"anti-redirect","uuid":"633e4859-b408-4efd-be22-a8ec6bbb7c74","modified":1664962072220,"file_url":"https://greasyfork.org/scripts/11915-anti-redirect/code/anti-redirect.user.js"}}