{"options":{"check_for_updates":true,"comment":null,"compat_foreach":false,"compat_metadata":false,"compat_powerful_this":null,"compat_wrappedjsobject":true,"compatopts_for_requires":true,"noframes":null,"override":{"merge_connects":true,"merge_excludes":true,"merge_includes":true,"merge_matches":true,"orig_connects":[],"orig_excludes":[],"orig_includes":["http://www.baidu.com/s*","http://www.baidu.com/baidu*","http://www.baidu.com/#*","http://www.baidu.com/"],"orig_matches":[],"orig_noframes":null,"orig_run_at":"document-start","use_blockers":[],"use_connects":[],"use_excludes":[],"use_includes":[],"use_matches":[]},"run_at":null,"sandbox":null,"tab_types":null,"unwrap":null},"settings":{"enabled":true,"position":6},"meta":{"name":"BaiduMonkeyW","uuid":"83e07b07-e2c4-4f2c-a0ba-7c76d5757744","modified":1656652957108,"file_url":"https://greasyfork.org/scripts/1304-baidumonkeyw/code/BaiduMonkeyW.user.js"}}