{"options":{"check_for_updates":true,"comment":null,"compat_foreach":false,"compat_metadata":false,"compat_powerful_this":null,"compat_wrappedjsobject":false,"compatopts_for_requires":true,"noframes":null,"override":{"merge_connects":true,"merge_excludes":true,"merge_includes":true,"merge_matches":true,"orig_connects":[],"orig_excludes":[],"orig_includes":[],"orig_matches":["*://blog.csdn.net/*/article/details/*","*://*.blog.csdn.net/article/details/*"],"orig_noframes":null,"orig_run_at":"document-idle","use_blockers":[],"use_connects":[],"use_excludes":[],"use_includes":[],"use_matches":[]},"run_at":null,"sandbox":null,"tab_types":null,"unwrap":null},"settings":{"enabled":true,"position":7},"meta":{"name":"csdn 代码块自由复制","uuid":"2a98c1c5-ee45-42e6-8023-13c47ce80f4e","modified":1664957771641,"file_url":"https://greasyfork.org/scripts/432393-csdn-%E4%BB%A3%E7%A0%81%E5%9D%97%E8%87%AA%E7%94%B1%E5%A4%8D%E5%88%B6/code/csdn%20%E4%BB%A3%E7%A0%81%E5%9D%97%E8%87%AA%E7%94%B1%E5%A4%8D%E5%88%B6.user.js"}}