{"options":{"check_for_updates":true,"comment":null,"compat_foreach":false,"compat_metadata":false,"compat_powerful_this":null,"compat_wrappedjsobject":true,"compatopts_for_requires":true,"noframes":null,"override":{"merge_connects":true,"merge_excludes":true,"merge_includes":true,"merge_matches":true,"orig_connects":["*"],"orig_excludes":[],"orig_includes":["*://*javlibrary.com/*","*://*javlib.com/*","*://*.y62x.com/*","*://*javbus.com/*","*://www.*bus*/*","*://www.*javsee*/*","*://www.*seejav*/*","*://*onejav.com/*","*://*avsox.*/*","*://*jav321.com/video/*","*://*javdb*.com/*","*://*javstore.*/*","*://*avmoo.*/*","://tellme.pw/avmoo","*://115.com/*","*://*.quark.cn/list*","*://www.*dmm*/*"],"orig_matches":[],"orig_noframes":null,"orig_run_at":"document-idle","use_blockers":[],"use_connects":[],"use_excludes":[],"use_includes":[],"use_matches":[]},"run_at":null,"sandbox":null,"tab_types":null,"unwrap":null},"settings":{"enabled":true,"position":11},"meta":{"name":"JAV老司机","uuid":"0a4e8213-170f-4367-8e54-df546ff4cce6","modified":1667114519873}}