{"ts":1668521039903,"data":{"setting":"s{\"site_list\":{\"Google\":\"https://lens.google.com/uploadbyurl?url={%s}\",\"TinEye\":\"https://www.tineye.com/search?url={%s}\",\"Yandex\":\"https://yandex.com/images/search?rpt=imageview&url={%s}\",\"SauceNAO\":\"https://saucenao.com/search.php?db=999&url={%s}\",\"IQDB\":\"https://iqdb.org/?url={%s}\",\"3D IQDB\":\"https://3d.iqdb.org/?url={%s}\",\"WhatAnime\":\"https://trace.moe/?url={%s}\",\"Ascii2D\":\"https://ascii2d.net/search/url/{%s}\"},\"site_option\":[\"Google\",\"TinEye\",\"Yandex\",\"SauceNAO\",\"IQDB\",\"3D IQDB\",\"WhatAnime\",\"Ascii2D\"],\"hot_key\":\"ctrlKey\",\"server_url\":\"//sbi.ccloli.com/img/upload.php\"}","timestamp":"n1668521039903","version":"n9"}}