{"options":{"check_for_updates":true,"comment":null,"compat_foreach":false,"compat_metadata":false,"compat_powerful_this":null,"compat_wrappedjsobject":false,"compatopts_for_requires":true,"noframes":null,"override":{"merge_connects":true,"merge_excludes":true,"merge_includes":true,"merge_matches":true,"orig_connects":[],"orig_excludes":[],"orig_includes":["*"],"orig_matches":["<all_urls>"],"orig_noframes":null,"orig_run_at":"document-start","use_blockers":[],"use_connects":[],"use_excludes":[],"use_includes":[],"use_matches":[]},"run_at":null,"sandbox":null,"tab_types":null,"unwrap":null},"settings":{"enabled":true,"position":3},"meta":{"name":"Search By Image","uuid":"61bf591d-6abc-4eb9-9e2b-f5b884f6fcba","modified":1668520342626,"file_url":"https://greasyfork.org/scripts/2998-search-by-image/code/Search%20By%20Image.user.js"}}