{"options":{"check_for_updates":true,"comment":null,"compat_foreach":false,"compat_metadata":false,"compat_powerful_this":null,"compat_wrappedjsobject":false,"compatopts_for_requires":true,"noframes":null,"override":{"merge_connects":true,"merge_excludes":true,"merge_includes":true,"merge_matches":true,"orig_connects":["*"],"orig_excludes":[],"orig_includes":["*www.baidu.com*","*zhidao.baidu.com/search*"],"orig_matches":[],"orig_noframes":null,"orig_run_at":"document-start","use_blockers":[],"use_connects":[],"use_excludes":[],"use_includes":[],"use_matches":[]},"run_at":null,"sandbox":null,"tab_types":null,"unwrap":null},"settings":{"enabled":true,"position":5},"meta":{"name":"去百度搜索置顶推广 (ECMA6)","uuid":"38205940-3057-4969-8b4b-f89b61adabe8","modified":1656652958378,"file_url":"https://greasyfork.org/scripts/10019-%E5%8E%BB%E7%99%BE%E5%BA%A6%E6%90%9C%E7%B4%A2%E7%BD%AE%E9%A1%B6%E6%8E%A8%E5%B9%BF-ecma6/code/%E5%8E%BB%E7%99%BE%E5%BA%A6%E6%90%9C%E7%B4%A2%E7%BD%AE%E9%A1%B6%E6%8E%A8%E5%B9%BF%20(ECMA6).user.js"}}