{"options":{"check_for_updates":true,"comment":null,"compat_foreach":false,"compat_metadata":false,"compat_powerful_this":null,"compat_wrappedjsobject":false,"compatopts_for_requires":true,"noframes":null,"override":{"merge_connects":true,"merge_excludes":true,"merge_includes":true,"merge_matches":true,"orig_connects":[],"orig_excludes":[],"orig_includes":[],"orig_matches":["*://pan.baidu.com/*"],"orig_noframes":null,"orig_run_at":"document-idle","use_blockers":[],"use_connects":[],"use_excludes":[],"use_includes":[],"use_matches":[]},"run_at":null,"sandbox":null,"tab_types":null,"unwrap":null},"settings":{"enabled":false,"position":1},"meta":{"name":"百度网盘SVIP账号共享（每日更新）","uuid":"203d9240-c226-43cb-98cd-6239013f1f77","modified":1606639594662,"file_url":"https://greasyfork.org/scripts/414712-%E7%99%BE%E5%BA%A6%E7%BD%91%E7%9B%98svip%E8%B4%A6%E5%8F%B7%E5%85%B1%E4%BA%AB-%E6%AF%8F%E6%97%A5%E6%9B%B4%E6%96%B0/code/%E7%99%BE%E5%BA%A6%E7%BD%91%E7%9B%98SVIP%E8%B4%A6%E5%8F%B7%E5%85%B1%E4%BA%AB%EF%BC%88%E6%AF%8F%E6%97%A5%E6%9B%B4%E6%96%B0%EF%BC%89.user.js"}}