{"options":{"check_for_updates":true,"comment":null,"compat_foreach":false,"compat_metadata":false,"compat_powerful_this":null,"compat_wrappedjsobject":false,"compatopts_for_requires":true,"noframes":null,"override":{"merge_connects":true,"merge_excludes":true,"merge_includes":true,"merge_matches":true,"orig_connects":[],"orig_excludes":[],"orig_includes":["*://www.baidu.com/","*://www.baidu.com/?tn*","*://www.baidu.com/s?*","*://www.baidu.com/*wd*","*://www.baidu.com/search/*","*://baidu.com/","*://baidu.com/s?*","*://baidu.com/*wd*","*://baidu.com/search/*"],"orig_matches":[],"orig_noframes":null,"orig_run_at":"document-start","use_blockers":[],"use_connects":[],"use_excludes":[],"use_includes":[],"use_matches":[]},"run_at":null,"sandbox":null,"tab_types":null,"unwrap":null},"settings":{"enabled":true,"position":2},"meta":{"name":"百度去广告，blur(毛玻璃)搜索框，美化","uuid":"4e558142-cf6d-4011-ad24-36ccc16f8f7c","modified":1639405208397,"file_url":"https://greasyfork.org/scripts/370756-%E7%99%BE%E5%BA%A6%E5%8E%BB%E5%B9%BF%E5%91%8A-blur-%E6%AF%9B%E7%8E%BB%E7%92%83-%E6%90%9C%E7%B4%A2%E6%A1%86-%E7%BE%8E%E5%8C%96/code/%E7%99%BE%E5%BA%A6%E5%8E%BB%E5%B9%BF%E5%91%8A%EF%BC%8Cblur(%E6%AF%9B%E7%8E%BB%E7%92%83)%E6%90%9C%E7%B4%A2%E6%A1%86%EF%BC%8C%E7%BE%8E%E5%8C%96.user.js"}}