{"options":{"check_for_updates":true,"comment":null,"compat_foreach":false,"compat_metadata":false,"compat_powerful_this":null,"compat_wrappedjsobject":false,"compatopts_for_requires":true,"noframes":null,"override":{"merge_connects":true,"merge_excludes":true,"merge_includes":true,"merge_matches":true,"orig_connects":[],"orig_excludes":[],"orig_includes":[],"orig_matches":["*://*.zhihu.com/*"],"orig_noframes":null,"orig_run_at":"document-idle","use_blockers":[],"use_connects":[],"use_excludes":[],"use_includes":[],"use_matches":[]},"run_at":null,"sandbox":null,"tab_types":null,"unwrap":null},"settings":{"enabled":true,"position":8},"meta":{"name":"隐藏知乎登录框&链接无缝跳转","uuid":"67404ad3-6fab-4c04-acc9-3a2b56bbebf0","modified":1664958422226,"file_url":"https://greasyfork.org/scripts/417303-%E9%9A%90%E8%97%8F%E7%9F%A5%E4%B9%8E%E7%99%BB%E5%BD%95%E6%A1%86-%E9%93%BE%E6%8E%A5%E6%97%A0%E7%BC%9D%E8%B7%B3%E8%BD%AC/code/%E9%9A%90%E8%97%8F%E7%9F%A5%E4%B9%8E%E7%99%BB%E5%BD%95%E6%A1%86%E9%93%BE%E6%8E%A5%E6%97%A0%E7%BC%9D%E8%B7%B3%E8%BD%AC.user.js"}}